File,Query Point,Execution Time (seconds)
1000.csv,"(722, 13, 946)",0.0021049000024504494
10000.csv,"(883, 756, 233)",0.006023200003255624
20000.csv,"(942, 110, 118)",0.012621900001249742
